{
    "roc_auc": 0.6792897685817167,
    "threshold": 0.47287726402282715
}